,STAAR Score in Math (2019-2021),STAAR Score in Reading (2019-2021),STAAR Score in Math (2021-2022),STAAR Score in Reading (2021-2022),STAAR Score in Math (2019-2022),STAAR Score in Reading (2019-2022),County #,County Name,Labor Force (2019-2021),Employed Persons Difference (2021-2019),Umemployed Persons Difference (2021-2019),Unemployment Rate Difference (2021-2019),FTE Teachers 2018-2019,Total Staff 2018-2019,Total Students 2018-2019,FTE Teachers 2020-2021,Total Staff 2020-2021,Total Students 2020-2021,FTE Teachers 2021-2022,Total Staff 2021-2022,Total Students 2021-2022,Number of Teachers (2019-2021),Number of Overall Staff (2019-2021),Number of Students (2019-2021),Number of Teachers (2021-2022),Number of Overall Staff (2021-2022),Number of Students (2021-2022),Number of Teachers (2019-2022),Number of Overall Staff (2019-2022),Number of Students (2019-2022)
0,-2,0,2,0,0,1,48001,Anderson,0,-0.02,0.65,0.66,95.96,185.88,1186.57,96.27,196.87,1137.29,96.61,201.03,1133.0,0,6,-4,0,2,0,1,8,-5
1,-2,1,2,0,0,1,48003,Andrews,-8,-0.12,1.35,1.57,264.19,508.27,4319.0,287.18,559.88,4128.0,287.87,572.36,4147.0,9,10,-4,0,2,0,9,13,-4
2,-2,0,1,0,-2,0,48005,Angelina,1,-0.01,0.64,0.62,180.98,380.43,2458.14,183.47,390.04,2318.86,183.4,392.25,2325.29,1,3,-6,0,1,0,1,3,-5
3,-4,0,2,-1,-2,0,48007,Aransas,1,-0.02,0.71,0.7,214.93,467.53,2829.0,217.46,452.82,3010.0,207.35,443.8,3005.0,1,-3,6,-5,-2,0,-4,-5,6
4,-2,1,3,-1,0,0,48009,Archer,0,-0.01,0.49,0.5,51.93,94.0,652.0,54.22,97.79,668.33,55.79,102.6,722.0,4,4,3,3,5,8,7,9,11
5,2,3,0,-1,2,2,48011,Armstrong,0,-0.01,0.32,0.33,35.22,58.16,359.0,30.18,51.58,316.0,29.76,50.24,307.0,-14,-11,-12,-1,-3,-3,-16,-14,-14
6,-2,1,1,0,-1,1,48013,Atascosa,2,-0.01,0.75,0.72,124.97,260.33,1814.2,134.48,279.03,1756.2,131.74,278.71,1754.8,8,7,-3,-2,0,0,5,7,-3
7,-2,0,1,-1,-1,0,48015,Austin,-1,-0.03,0.59,0.62,145.12,280.2,1956.0,147.59,278.62,1935.0,143.76,279.32,1931.0,2,-1,-1,-3,0,0,-1,0,-1
8,-1,0,1,0,-1,0,48017,Bailey,-2,-0.04,0.31,0.32,115.57,223.52,1417.0,113.54,219.96,1337.0,116.25,230.66,1348.0,-2,-2,-6,2,5,1,1,3,-5
9,-2,1,1,0,-1,0,48019,Bandera,3,0.01,0.47,0.42,89.16,181.86,1270.0,91.01,189.1,1246.0,94.31,192.34,1285.5,2,4,-2,4,2,3,6,6,1
10,-7,0,2,-1,-5,-1,48021,Bastrop,7,0.05,0.56,0.45,289.59,527.88,4430.5,299.94,573.09,4530.0,301.0,595.87,4774.25,4,9,2,0,4,5,4,13,8
11,-2,-1,3,0,1,0,48023,Baylor,5,0.04,0.56,0.48,49.6,96.53,582.0,49.79,95.34,621.0,54.0,104.21,620.0,0,-1,7,8,9,0,9,8,7
12,-4,0,3,1,-1,0,48025,Bee,-4,-0.09,0.89,0.98,70.78,155.37,1066.4,70.34,161.68,1008.6,67.94,169.63,1014.8,-1,4,-5,-3,5,1,-4,9,-5
13,-3,0,2,0,-2,0,48027,Bell,4,0.02,0.55,0.46,486.06,1014.92,7341.1,485.31,1040.48,7302.4,478.83,1048.85,7407.5,0,3,-1,-1,1,1,-1,3,1
14,-3,2,4,1,1,3,48029,Bexar,1,-0.01,0.72,0.69,711.82,1444.9,10943.26,729.34,1490.69,10742.13,728.48,1504.99,10758.52,2,3,-2,0,1,0,2,4,-2
15,-4,-1,1,0,-2,-1,48031,Blanco,7,0.06,0.45,0.38,65.74,125.9,830.5,69.0,133.35,812.5,68.7,136.84,880.0,5,6,-2,0,3,8,4,9,6
16,0,1,3,-1,3,0,48033,Borden,45,0.45,0.4,-0.04,20.1,45.89,214.0,21.87,51.3,231.0,23.29,51.45,245.0,9,12,8,6,0,6,16,12,14
17,1,4,2,0,3,4,48035,Bosque,3,0.01,0.37,0.35,30.06,58.25,324.57,29.67,58.12,306.14,30.58,58.77,311.57,-1,0,-6,3,1,2,2,1,-4
18,0,3,1,-1,1,1,48037,Bowie,0,-0.02,0.31,0.32,108.05,204.42,1373.15,110.3,209.97,1379.31,112.24,218.65,1339.08,2,3,0,2,4,-3,4,7,-2
19,-2,1,2,0,0,1,48039,Brazoria,1,-0.01,0.65,0.64,581.55,1177.28,9088.38,608.81,1230.12,8994.38,609.09,1233.66,9126.75,5,4,-1,0,0,1,5,5,0
20,-19,-13,55,31,0,1,48041,Brazos,3,0.02,0.57,0.52,545.93,1110.01,7648.75,571.57,1174.2,7610.75,565.41,1179.21,7790.25,5,6,0,-1,0,2,4,6,2
21,-19,-11,-2,-18,-20,-23,48043,Brewster,1,-0.01,0.57,0.55,36.39,75.38,390.0,33.45,71.75,377.33,35.94,72.06,380.67,-8,-5,-3,7,0,1,-1,-4,-2
22,-1,1,2,-1,1,0,48045,Briscoe,1,-0.01,0.35,0.34,20.36,35.64,206.0,21.7,36.22,191.5,22.58,36.85,190.0,7,2,-7,4,2,-1,11,3,-8
23,-5,-2,2,0,-3,-1,48047,Brooks,-3,-0.08,0.75,0.8,102.61,217.89,1568.0,102.61,214.46,1438.0,93.39,192.16,1342.0,0,-2,-8,-9,-10,-7,-9,-12,-14
24,-1,0,1,0,-1,0,48049,Brown,-1,-0.03,0.38,0.41,74.47,141.18,937.86,73.77,138.69,881.43,73.97,140.84,892.86,-1,-2,-6,0,2,1,-1,0,-5
25,1,1,1,0,2,1,48051,Burleson,3,0.01,0.64,0.61,74.15,135.73,934.67,77.57,158.73,905.0,79.45,166.96,971.33,5,17,-3,2,5,7,7,23,4
26,-2,0,1,0,-1,0,48053,Burnet,6,0.04,0.44,0.37,264.99,568.7,3735.5,266.21,578.07,3606.0,264.68,570.05,3645.5,0,2,-3,-1,-1,1,0,0,-2
27,-3,0,2,0,0,0,48055,Caldwell,4,0.03,0.5,0.44,161.53,293.95,2579.0,166.2,316.3,2560.67,177.52,334.12,2601.0,3,8,-1,7,6,2,10,14,1
28,-2,0,1,-1,-1,-1,48057,Calhoun,2,0.0,0.56,0.53,263.89,543.76,3846.0,261.06,548.03,3681.0,273.14,561.21,3576.0,-1,1,-4,5,2,-3,4,3,-7
29,-1,1,2,0,0,1,48059,Callahan,2,0.01,0.54,0.48,55.46,104.68,629.75,54.12,105.84,623.75,55.82,108.0,642.75,-2,1,-1,3,2,3,1,3,2
30,-7,-2,5,1,-2,-1,48061,Cameron,6,0.03,0.57,0.49,682.89,1573.64,10400.33,657.23,1498.09,9704.44,640.46,1483.89,9214.89,-4,-5,-7,-3,-1,-5,-6,-6,-11
31,-3,-2,2,1,-2,-1,48063,Camp,4,0.02,0.48,0.4,198.04,401.51,2356.0,193.03,418.23,2347.0,206.33,435.59,2358.0,-3,4,0,7,4,0,4,8,0
32,-6,-4,7,6,-1,1,48065,Carson,0,-0.01,0.5,0.5,36.49,68.82,405.67,35.98,68.52,393.0,37.09,69.4,382.0,-1,0,-3,3,1,-3,2,1,-6
33,-1,1,2,0,1,1,48067,Cass,1,-0.01,0.57,0.56,64.55,133.54,789.29,66.68,140.74,762.86,69.99,143.05,772.57,3,5,-3,5,2,1,8,7,-2
34,-1,1,2,0,1,1,48069,Castro,0,-0.01,0.26,0.25,51.06,117.9,565.67,47.81,114.02,548.0,46.35,108.73,539.67,-6,-3,-3,-3,-5,-2,-9,-8,-5
35,-3,0,0,-1,-2,-1,48071,Chambers,5,0.01,0.93,0.84,199.29,398.78,2856.0,230.34,459.15,3086.33,237.88,483.97,3252.33,16,15,8,3,5,5,19,21,14
36,-2,0,2,0,0,0,48073,Cherokee,1,-0.02,0.7,0.68,139.0,284.14,1835.67,139.4,295.91,1785.5,140.77,300.55,1814.5,0,4,-3,1,2,2,1,6,-1
37,-3,-1,2,1,0,0,48075,Childress,3,0.02,0.37,0.33,91.02,178.57,1096.0,90.36,179.87,997.0,88.53,177.51,1014.0,-1,1,-9,-2,-1,2,-3,-1,-7
38,-2,0,6,-2,4,-1,48077,Clay,0,-0.02,0.6,0.58,38.85,75.97,411.75,39.2,77.26,407.75,39.72,83.25,422.5,1,2,-1,1,8,4,2,10,3
39,-3,1,2,1,-1,1,48079,Cochran,-4,-0.07,0.79,0.85,35.21,71.02,353.5,35.19,68.24,356.5,35.76,67.18,337.0,0,-4,1,2,-2,-5,2,-5,-5
40,-4,-1,2,0,-2,0,48081,Coke,-5,-0.06,0.38,0.45,27.07,47.1,264.0,26.4,47.8,249.0,26.3,48.22,250.5,-2,1,-6,0,1,1,-3,2,-5
41,-2,1,1,1,-2,1,48083,Coleman,4,0.02,0.53,0.46,40.76,85.21,427.67,37.94,79.45,421.0,37.78,79.96,406.67,-7,-7,-2,0,1,-3,-7,-6,-5
42,0,2,2,0,2,3,48085,Collin,6,0.05,0.48,0.39,901.63,1586.6,13268.87,954.95,1690.56,13735.93,964.4,1724.8,14233.73,6,7,4,1,2,4,7,9,7
43,-2,0,3,1,1,1,48087,Collingsworth,-4,-0.05,0.34,0.39,55.66,100.93,586.0,54.26,101.35,542.0,53.05,102.33,543.0,-3,0,-8,-2,1,0,-5,1,-7
44,-2,0,1,0,-1,1,48089,Colorado,2,0.0,0.56,0.55,94.94,181.66,1203.0,96.32,183.46,1165.0,93.5,181.78,1181.0,1,1,-3,-3,-1,1,-2,0,-2
45,-3,0,2,0,-1,0,48091,Comal,5,0.04,0.6,0.5,1020.09,1989.24,16531.0,1098.06,2118.66,17370.5,1152.92,2222.66,18482.0,8,7,5,5,5,6,13,12,12
46,-2,0,2,0,0,0,48093,Comanche,9,0.08,0.54,0.44,49.6,101.2,585.5,49.03,103.55,587.25,51.22,107.79,582.75,-1,2,0,4,4,-1,3,7,0
47,-2,1,4,1,1,3,48095,Concho,9,0.08,0.46,0.35,20.83,39.46,230.5,21.18,41.26,234.5,22.9,43.94,224.0,2,5,2,8,7,-4,10,11,-3
48,-9,-4,12,9,-3,-1,48097,Cooke,-1,-0.03,0.76,0.79,60.48,113.36,859.43,60.84,109.75,825.71,60.51,109.06,846.71,1,-3,-4,-1,-1,3,0,-4,-1
49,-2,2,-2,0,-4,1,48099,Coryell,3,0.01,0.46,0.43,195.67,419.05,2854.5,202.62,441.07,2825.0,204.34,447.42,2805.0,4,5,-1,1,1,-1,4,7,-2
50,-4,-1,1,-2,-4,-2,48101,Cottle,11,0.11,0.22,0.1,22.4,40.01,204.0,20.49,37.31,183.0,19.85,34.66,161.0,-9,-7,-10,-3,-7,-12,-11,-13,-21
51,-1,0,2,1,0,0,48103,Crane,5,-0.01,1.52,1.4,81.78,148.9,1151.0,87.05,172.18,1099.0,82.54,170.94,1151.0,6,16,-5,-5,-1,5,1,15,0
52,2,2,2,1,4,4,48105,Crockett,-9,-0.13,1.11,1.31,62.16,129.2,777.0,66.36,134.78,764.0,66.68,136.44,729.0,7,4,-2,0,1,-5,7,6,-6
53,-3,0,1,-1,-2,0,48107,Crosby,-2,-0.04,0.39,0.4,40.4,79.38,385.67,36.07,75.82,335.67,35.43,74.93,350.67,-11,-4,-13,-2,-1,4,-12,-6,-9
54,-22,0,6,2,-17,1,48109,Culberson,4,0.03,0.21,0.17,32.14,59.34,378.0,33.6,73.73,387.0,34.48,73.95,360.0,5,24,2,3,0,-7,7,25,-5
55,0,2,0,-1,0,1,48111,Dallam,-2,-0.03,0.3,0.3,72.4,120.38,958.5,76.66,126.99,915.5,75.07,125.0,976.0,6,5,-4,-2,-2,7,4,4,2
56,-5,-1,2,0,-2,-1,48113,Dallas,3,0.01,0.64,0.6,830.01,1619.44,12787.05,843.66,1671.82,12401.79,840.91,1673.32,12304.49,2,3,-3,0,0,-1,1,3,-4
57,3,6,0,-1,3,5,48115,Dawson,1,-0.03,0.81,0.79,55.11,129.5,800.0,53.75,128.71,752.0,57.01,131.67,706.33,-2,-1,-6,6,2,-6,3,2,-12
58,-3,0,4,1,1,1,48117,Deaf Smith,5,0.04,0.4,0.37,152.7,309.44,2127.5,149.66,305.26,2005.0,143.42,290.79,2059.5,-2,-1,-6,-4,-5,3,-6,-6,-3
59,-3,0,1,-1,-2,0,48119,Delta,1,-0.0,0.45,0.44,62.56,127.04,812.0,66.08,124.74,806.0,68.97,126.9,849.0,6,-2,-1,4,2,5,10,0,5
60,-3,0,1,0,-2,0,48121,Denton,6,0.05,0.57,0.47,649.97,1175.84,9475.88,700.13,1262.98,9726.69,709.01,1290.72,10070.31,8,7,3,1,2,4,9,10,6
61,-5,-2,6,5,0,2,48123,DeWitt,-2,-0.04,0.8,0.85,45.72,96.03,580.6,49.35,101.39,562.2,49.05,102.29,566.2,8,6,-3,-1,1,1,7,7,-2
62,-1,4,-15,-16,-15,-13,48125,Dickens,4,0.03,0.25,0.21,19.84,42.08,171.5,19.09,43.17,165.0,18.61,39.92,153.5,-4,3,-4,-2,-8,-7,-6,-5,-10
63,-5,-1,4,1,-2,0,48127,Dimmit,-21,-0.23,0.78,1.28,148.04,351.52,2219.0,149.42,352.76,2066.0,145.25,346.56,1923.0,1,0,-7,-3,-2,-7,-2,-1,-13
64,-3,0,1,0,-1,1,48129,Donley,2,0.01,0.23,0.21,30.8,56.84,286.5,32.6,58.16,277.0,32.33,60.59,290.0,6,2,-3,-1,4,5,5,7,1
65,-4,-1,24,22,18,20,48131,Duval,12,0.07,1.07,0.84,47.8,96.24,661.25,47.8,102.0,642.5,47.03,98.81,618.0,0,6,-3,-2,-3,-4,-2,3,-7
66,-2,0,1,0,-1,0,48133,Eastland,-11,-0.13,0.54,0.76,51.07,99.93,567.0,53.43,103.89,544.8,53.38,103.86,538.0,5,4,-4,0,0,-1,5,4,-5
67,-2,0,2,0,0,0,48135,Ector,-8,-0.13,1.88,2.07,673.54,1266.22,11701.67,691.57,1334.02,11331.67,648.89,1325.29,11314.67,3,5,-3,-6,-1,0,-4,5,-3
68,-3,-1,3,1,0,0,48137,Edwards,22,0.2,1.29,0.87,26.86,50.25,293.0,26.06,52.82,265.0,25.32,52.26,255.5,-3,5,-10,-3,-1,-4,-6,4,-13
69,-4,0,2,0,-3,0,48139,Ellis,6,0.05,0.54,0.45,815.23,1713.18,12559.07,806.58,1732.33,11841.57,786.79,1693.42,11820.86,-1,1,-6,-2,-2,0,-3,-1,-6
70,-10,-6,10,7,-2,-1,48141,El Paso,2,-0.01,0.66,0.63,253.39,497.27,3829.09,267.27,541.74,3917.45,272.64,553.67,4062.0,5,9,2,2,2,4,8,11,6
71,1,0,1,0,2,0,48143,Erath,0,-0.02,0.41,0.41,64.59,119.09,849.14,65.05,121.69,840.29,65.91,122.19,851.0,1,2,-1,1,0,1,2,3,0
72,-1,2,-2,0,-3,1,48145,Falls,3,0.0,0.67,0.61,45.03,101.28,561.25,45.02,104.33,564.75,43.65,105.67,576.0,0,3,1,-3,1,2,-3,4,3
73,-3,0,2,0,-1,0,48147,Fannin,0,-0.01,0.46,0.43,48.57,98.67,631.78,50.0,102.23,616.89,50.53,102.9,623.67,3,4,-2,1,1,1,4,4,-1
74,-5,1,6,0,1,1,48149,Fayette,-3,-0.05,0.57,0.65,61.46,108.12,753.6,61.6,111.0,736.8,62.01,113.02,744.6,0,3,-2,1,2,1,1,5,-1
75,-3,0,2,0,-1,0,48151,Fisher,0,-0.02,0.45,0.45,27.0,53.44,277.0,28.2,53.4,276.5,29.62,56.42,286.0,4,0,0,5,6,3,10,6,3
76,-2,1,0,1,-2,1,48153,Floyd,-1,-0.03,0.3,0.32,55.04,113.85,594.0,51.48,111.6,580.5,50.93,109.76,560.0,-6,-2,-2,-1,-2,-4,-7,-4,-6
77,-3,0,4,3,1,3,48155,Foard,3,0.02,0.18,0.13,21.2,41.05,209.0,21.39,49.11,202.0,22.64,46.13,192.0,1,20,-3,6,-6,-5,7,12,-8
78,-4,0,3,0,-1,0,48157,Fort Bend,3,0.0,0.77,0.69,2109.94,4241.64,33273.67,2319.35,4654.57,34621.5,2367.2,4708.87,35995.67,10,10,4,2,1,4,12,11,8
79,-1,1,2,0,0,1,48159,Franklin,13,0.12,0.37,0.22,123.12,228.69,1621.0,121.42,230.01,1478.0,118.05,225.68,1528.0,-1,1,-9,-3,-2,3,-4,-1,-6
80,-1,1,1,0,0,1,48161,Freestone,0,-0.02,0.51,0.5,73.17,142.19,908.0,71.68,146.02,881.25,72.28,145.3,880.75,-2,3,-3,1,0,0,-1,2,-3
81,-5,-2,4,1,-2,-1,48163,Frio,-9,-0.11,0.67,0.85,111.69,256.31,1569.5,108.4,258.16,1459.5,104.49,248.32,1475.5,-3,1,-7,-4,-4,1,-6,-3,-6
82,0,0,1,0,0,0,48165,Gaines,0,-0.02,0.89,0.92,94.78,198.21,1223.33,98.87,205.09,1194.67,98.89,206.16,1210.33,4,3,-2,0,1,1,4,4,-1
83,-5,-1,5,1,-1,0,48167,Galveston,1,-0.02,0.66,0.63,514.56,1078.49,8310.9,532.6,1135.11,8103.0,533.65,1130.83,8134.0,4,5,-3,0,0,0,4,5,-2
84,-2,1,2,-2,-1,-1,48169,Garza,-6,-0.08,0.82,0.92,47.91,96.7,484.5,44.07,91.59,457.0,42.61,89.2,450.5,-8,-5,-6,-3,-3,-1,-11,-8,-7
85,-2,1,0,-2,-2,-1,48171,Gillespie,4,0.03,0.41,0.38,133.49,272.75,1852.0,140.93,284.42,1827.5,141.38,289.52,1840.5,6,4,-1,0,2,1,6,6,-1
86,-1,1,0,0,0,1,48173,Glasscock,3,0.02,0.41,0.32,34.21,68.73,305.0,34.65,70.91,293.0,33.67,69.4,293.0,1,3,-4,-3,-2,0,-2,1,-4
87,-3,1,1,0,-2,0,48175,Goliad,-2,-0.06,0.9,0.94,92.93,198.57,1330.0,99.64,222.96,1271.0,102.52,236.6,1315.0,7,12,-4,3,6,3,10,19,-1
88,-3,0,2,0,0,0,48177,Gonzales,1,-0.0,0.6,0.59,98.75,221.09,1421.0,99.38,228.12,1322.33,98.78,229.59,1328.0,1,3,-7,-1,1,0,0,4,-7
89,-9,-7,2,1,-7,-6,48179,Gray,-3,-0.06,0.8,0.86,67.74,144.02,997.5,70.07,149.92,978.5,70.26,154.52,967.5,3,4,-2,0,3,-1,4,7,-3
90,-2,0,1,0,-1,0,48181,Grayson,3,0.02,0.53,0.48,134.14,251.42,1820.08,138.92,267.49,1826.15,142.85,265.99,1885.85,4,6,0,3,-1,3,6,6,4
91,-2,1,2,0,0,0,48183,Gregg,-2,-0.05,0.69,0.71,242.69,481.51,3431.29,246.33,492.85,3356.71,248.63,500.1,3363.29,1,2,-2,1,1,0,2,4,-2
92,-2,1,2,0,0,1,48185,Grimes,0,-0.03,0.68,0.68,90.93,157.77,1157.0,97.89,173.19,1112.75,95.64,168.24,1159.0,8,10,-4,-2,-3,4,5,7,0
93,-3,0,1,0,-2,0,48187,Guadalupe,2,0.0,0.52,0.47,408.2,802.66,6653.25,426.0,824.55,6476.0,433.65,851.35,6605.25,4,3,-3,2,3,2,6,6,-1
94,-4,-2,0,-1,-4,-3,48189,Hale,-1,-0.03,0.35,0.36,104.28,203.69,1444.0,102.8,206.24,1331.6,100.96,205.21,1310.2,-1,1,-8,-2,-1,-2,-3,1,-9
95,-3,1,3,0,0,1,48191,Hall,3,0.02,0.34,0.29,43.37,107.59,488.0,43.87,110.34,443.0,43.04,116.21,442.0,1,3,-9,-2,5,0,-1,8,-9
96,-2,0,1,0,-1,0,48193,Hamilton,4,0.03,0.43,0.37,49.58,88.31,588.33,52.01,91.19,558.0,54.49,95.2,592.0,5,3,-5,5,4,6,10,8,1
97,-1,1,0,0,-1,1,48195,Hansford,-7,-0.07,0.18,0.25,46.32,87.21,481.0,45.33,89.8,454.67,47.38,88.99,445.67,-2,3,-5,5,-1,-2,2,2,-7
98,-2,0,1,0,-1,0,48197,Hardeman,1,-0.0,0.45,0.43,36.15,73.84,350.0,38.39,80.98,367.5,41.97,87.68,348.5,6,10,5,9,8,-5,16,19,0
99,-3,-1,2,0,-1,-1,48199,Hardin,-2,-0.06,0.71,0.74,151.77,293.9,2208.0,155.45,306.14,2197.8,159.38,316.53,2244.8,2,4,0,3,3,2,5,8,2
100,0,4,7,5,6,9,48201,Harris,0,-0.02,0.68,0.67,1039.49,2164.3,16766.06,1065.77,2229.96,16375.52,1073.12,2270.31,17104.29,3,3,-2,1,2,4,3,5,2
101,-2,1,1,-1,-1,0,48203,Harrison,-1,-0.04,0.63,0.65,156.85,311.87,2914.67,160.51,327.36,3809.67,156.92,321.51,4448.83,2,5,31,-2,-2,17,0,3,53
102,0,0,1,0,0,1,48205,Hartley,-1,-0.02,0.24,0.24,20.2,36.52,202.5,19.26,36.34,202.0,19.51,38.51,197.5,-5,0,0,1,6,-2,-3,5,-2
103,-2,0,-3,-4,-5,-4,48207,Haskell,23,0.22,0.48,0.18,32.31,58.46,268.67,32.09,57.16,260.67,31.54,56.96,258.33,-1,-2,-3,-2,0,-1,-2,-3,-4
104,-2,1,0,-2,-2,-1,48209,Hays,9,0.07,0.6,0.46,414.44,862.93,6300.0,444.83,916.79,6436.0,467.35,942.62,6765.17,7,6,2,5,3,5,13,9,7
105,-6,-2,5,1,-2,-1,48211,Hemphill,-17,-0.19,0.37,0.65,83.55,147.0,906.0,85.34,150.91,877.0,82.89,151.26,841.0,2,3,-3,-3,0,-4,-1,3,-7
106,-3,0,2,0,-1,0,48213,Henderson,6,0.04,0.54,0.46,92.05,187.75,1261.12,94.22,197.66,1232.0,96.22,198.92,1247.88,2,5,-2,2,1,1,5,6,-1
107,-8,-3,16,6,7,2,48215,Hidalgo,5,0.02,0.56,0.48,723.18,1570.14,10858.53,710.79,1547.15,10397.47,704.47,1564.96,9864.84,-2,-1,-4,-1,1,-5,-3,0,-9
108,-2,1,1,0,-1,0,48217,Hill,4,0.02,0.56,0.52,45.35,94.35,567.36,46.4,93.74,538.55,45.08,94.31,548.09,2,-1,-5,-3,1,2,-1,0,-3
109,-1,1,2,0,1,1,48219,Hockley,-4,-0.07,0.95,1.0,66.62,122.05,803.33,67.88,125.66,771.5,68.15,129.26,782.83,2,3,-4,0,3,1,2,6,-3
110,-1,2,1,0,0,2,48221,Hood,5,0.03,0.59,0.53,142.18,265.64,2164.0,154.93,288.92,2189.75,160.45,302.53,2270.5,9,9,1,4,5,4,13,14,5
111,-2,1,2,0,-1,1,48223,Hopkins,3,0.01,0.46,0.39,80.89,155.58,979.29,84.29,161.61,968.0,84.37,163.36,968.57,4,4,-1,0,1,0,4,5,-1
112,-2,1,2,0,0,1,48225,Houston,4,0.02,0.61,0.55,50.34,98.41,630.8,52.81,101.59,615.4,50.08,99.82,612.4,5,3,-2,-5,-2,0,-1,1,-3
113,-2,0,2,0,1,1,48227,Howard,-4,-0.08,1.02,1.1,131.03,271.51,1972.33,136.45,282.7,1856.67,134.52,282.86,1829.67,4,4,-6,-1,0,-1,3,4,-7
114,38,41,-5,-8,23,24,48229,Hudspeth,0,-0.01,0.34,0.35,20.11,44.12,194.0,19.15,42.86,203.0,18.56,45.41,196.0,-5,-3,5,-3,6,-3,-8,3,1
115,-3,0,2,0,-1,-1,48231,Hunt,4,0.02,0.49,0.42,110.54,221.57,1531.5,113.8,225.74,1493.3,118.82,239.01,1538.4,3,2,-2,4,6,3,7,8,0
116,2,5,2,0,4,5,48233,Hutchinson,-1,-0.02,0.34,0.36,84.37,177.14,1057.25,85.78,183.3,984.0,80.13,178.4,978.25,2,3,-7,-7,-3,-1,-5,1,-7
117,-1,2,3,-2,2,1,48235,Irion,3,0.0,1.11,1.04,28.42,52.99,266.0,31.0,59.0,323.0,32.0,67.42,334.0,9,11,21,3,14,3,13,27,26
118,-1,1,1,0,0,1,48237,Jack,-1,-0.03,0.72,0.72,43.13,78.34,548.0,45.64,85.85,546.0,45.45,83.48,550.67,6,10,0,0,-3,1,5,7,0
119,-1,0,3,1,2,1,48239,Jackson,-4,-0.06,0.6,0.67,87.54,166.43,1167.67,91.15,176.43,1130.33,91.97,176.45,1151.67,4,6,-3,1,0,2,5,6,-1
120,-3,-1,2,0,-1,-1,48241,Jasper,1,-0.03,0.61,0.59,113.3,237.76,1473.5,111.03,237.58,1379.0,106.66,235.92,1378.0,-2,0,-6,-4,-1,0,-6,-1,-6
121,-2,1,2,0,1,1,48243,Jeff Davis,-1,-0.02,0.47,0.48,24.71,42.51,228.0,21.95,39.66,197.0,18.96,34.97,178.0,-11,-7,-14,-14,-12,-10,-23,-18,-22
122,-3,0,3,1,0,1,48245,Jefferson,-3,-0.07,0.67,0.72,307.08,598.44,4642.44,316.09,621.96,4522.44,305.84,615.17,4503.67,3,4,-3,-3,-1,0,0,3,-3
123,-4,1,5,1,1,2,48247,Jim Hogg,0,-0.04,0.84,0.83,85.99,187.97,1156.0,80.66,165.99,1142.0,87.45,177.9,1078.0,-6,-12,-1,8,7,-6,2,-5,-7
124,-5,0,3,1,-2,1,48249,Jim Wells,-6,-0.12,1.03,1.17,102.38,229.1,1603.0,104.64,230.69,1543.8,104.11,232.87,1492.6,2,1,-4,-1,1,-3,2,2,-7
125,-2,1,1,0,0,0,48251,Johnson,4,0.02,0.57,0.53,271.07,527.62,3982.0,283.83,559.27,4032.78,292.59,575.09,4158.44,5,6,1,3,3,3,8,9,4
126,2,5,-2,-4,0,1,48253,Jones,0,-0.02,0.45,0.44,49.9,93.87,536.4,51.12,98.03,526.6,52.44,102.03,531.6,2,4,-2,3,4,1,5,9,-1
127,-4,-1,2,0,-3,-1,48255,Karnes,-3,-0.06,1.0,1.08,52.64,114.64,619.75,49.99,111.3,669.25,50.92,113.75,608.5,-5,-3,8,2,2,-9,-3,-1,-2
128,-3,-1,1,0,-2,-1,48257,Kaufman,8,0.06,0.64,0.53,277.78,534.91,4370.29,307.26,596.39,4665.29,322.35,631.83,5044.57,11,11,7,5,6,8,16,18,15
129,6,9,-5,-8,0,-1,48259,Kendall,2,0.01,0.43,0.41,224.07,423.35,3465.0,243.46,458.09,3587.67,250.69,462.29,3824.33,9,8,4,3,1,7,12,9,10
130,-3,2,2,-2,-1,1,48261,Kenedy,-20,-0.22,0.38,0.71,10.99,24.84,64.0,10.99,25.78,89.0,10.9,25.48,101.0,0,4,39,-1,-1,13,-1,3,57
131,-3,1,4,0,0,1,48263,Kent,-4,-0.05,0.18,0.21,19.54,39.27,152.0,20.14,42.08,176.0,20.63,44.24,171.0,3,7,16,2,5,-3,6,13,12
132,-1,1,1,-1,0,0,48265,Kerr,0,-0.01,0.53,0.5,116.09,234.05,1724.5,115.08,240.64,1650.25,117.8,244.45,1682.75,-1,3,-4,2,2,2,1,4,-2
133,-2,-1,3,1,1,0,48267,Kimble,4,0.03,0.44,0.37,57.93,95.72,605.0,58.32,100.61,599.0,55.28,106.7,639.0,1,5,-1,-5,6,7,-5,11,6
134,-2,0,0,-1,-2,-1,48269,King,92,0.95,-0.2,-0.57,19.59,32.0,106.0,18.98,31.6,127.0,18.97,30.65,136.0,-3,-1,20,0,-3,7,-3,-4,28
135,-2,2,1,-1,-1,1,48271,Kinney,-8,-0.1,0.41,0.53,57.81,116.13,560.0,58.88,113.54,519.0,55.8,114.66,532.0,2,-2,-7,-5,1,3,-3,-1,-5
136,-4,0,3,0,-2,0,48273,Kleberg,-1,-0.04,0.64,0.65,85.93,177.76,1313.25,86.53,186.51,1182.25,85.3,183.27,1172.5,1,5,-10,-1,-2,-1,-1,3,-11
137,-1,1,2,0,0,1,48275,Knox,2,0.01,0.48,0.47,26.96,55.09,259.67,28.54,53.89,255.33,27.82,54.56,255.33,6,-2,-2,-3,1,0,3,-1,-2
138,-2,1,1,-1,-1,0,48277,Lamar,4,0.01,0.68,0.62,110.14,248.7,1347.0,111.89,262.14,1265.0,110.07,257.01,1172.0,2,5,-6,-2,-2,-7,0,3,-13
139,-2,1,1,0,-1,0,48279,Lamb,0,-0.01,0.31,0.32,174.3,335.22,2089.75,175.16,338.14,2079.0,173.92,336.89,2114.75,0,1,-1,-1,0,2,0,0,1
140,-3,1,1,0,-1,1,48281,Lampasas,3,0.02,0.49,0.45,49.59,95.73,582.8,49.84,96.19,556.6,49.89,96.7,544.8,1,0,-4,0,1,-2,1,1,-7
141,-3,0,3,0,0,0,48283,La Salle,-12,-0.14,0.55,0.79,126.46,281.23,1823.5,137.18,301.96,1866.0,140.2,311.86,1870.0,8,7,2,2,3,0,11,11,3
142,0,2,8,2,7,4,48285,Lavaca,1,-0.0,0.53,0.5,48.21,103.2,579.0,49.45,105.57,560.86,49.65,106.1,574.86,3,2,-3,0,1,2,3,3,-1
143,-1,2,1,0,0,2,48287,Lee,-9,-0.11,0.46,0.65,80.26,141.22,1016.67,80.41,140.57,1044.33,82.62,144.52,1071.0,0,0,3,3,3,3,3,2,5
144,-3,0,2,0,-1,0,48289,Leon,-1,-0.04,0.61,0.61,52.98,101.06,630.2,54.64,106.17,623.0,55.34,109.38,663.8,3,5,-1,1,3,7,4,8,5
145,-2,1,1,-1,-1,0,48291,Liberty,5,0.01,0.92,0.84,169.91,352.19,2589.14,193.88,410.53,2886.29,202.65,441.05,3209.43,14,17,11,5,7,11,19,25,24
146,-4,-1,3,1,-1,0,48293,Limestone,0,-0.02,0.61,0.59,99.75,212.9,1296.0,100.35,214.82,1225.0,100.74,220.49,1235.0,1,1,-5,0,3,1,1,4,-5
147,-3,0,0,-1,-3,-1,48295,Lipscomb,-7,-0.08,0.3,0.37,23.47,42.89,215.67,24.89,45.76,223.67,25.43,45.6,227.67,6,7,4,2,0,2,8,6,6
148,-1,1,2,0,0,2,48297,Live Oak,-10,-0.13,0.99,1.19,66.56,135.61,853.5,69.38,142.46,801.5,70.02,145.2,822.0,4,5,-6,1,2,3,5,7,-4
149,-2,-1,2,0,0,-1,48299,Llano,4,0.03,0.46,0.37,135.17,284.01,1780.0,138.95,286.42,1731.0,143.64,287.78,1881.0,3,1,-3,3,0,9,6,1,6
150,-2,0,2,0,-1,0,48303,Lubbock,3,0.01,0.63,0.61,402.62,718.41,5609.89,415.24,743.03,5548.11,410.31,741.72,5589.78,3,3,-1,-1,0,1,2,3,0
151,5,7,1,0,6,6,48305,Lynn,2,0.0,0.46,0.43,39.08,72.98,377.75,40.9,74.35,401.25,41.12,75.68,402.5,5,2,6,1,2,0,5,4,7
152,5,7,2,1,8,8,48307,McCulloch,-8,-0.09,0.15,0.25,45.23,91.54,466.67,41.12,85.17,429.33,38.46,81.69,428.33,-9,-7,-8,-6,-4,0,-15,-11,-8
153,-2,0,2,0,0,0,48309,McLennan,4,0.02,0.52,0.48,132.39,278.79,1837.1,136.03,284.24,1808.45,136.91,288.02,1792.05,3,2,-2,1,1,-1,3,3,-2
154,1,1,1,-2,2,-1,48311,McMullen,-9,-0.09,0.31,0.44,25.67,50.78,289.0,25.53,51.54,267.0,26.26,51.79,283.0,-1,1,-8,3,0,6,2,2,-2
155,-1,1,0,-1,-1,1,48313,Madison,5,0.02,0.56,0.48,99.91,181.8,1369.0,100.66,182.0,1297.0,101.13,186.73,1317.0,1,0,-5,0,3,2,1,3,-4
156,-2,-1,2,0,0,-1,48315,Marion,2,-0.01,0.66,0.64,102.23,215.27,1324.0,101.43,229.05,1227.0,107.99,235.09,1163.0,-1,6,-7,6,3,-5,6,9,-12
157,-1,2,2,0,1,1,48317,Martin,-6,-0.08,0.71,0.85,50.72,95.57,676.5,54.28,105.56,640.0,57.48,107.11,676.0,7,10,-5,6,1,6,13,12,0
158,0,2,2,0,2,2,48319,Mason,3,0.01,0.5,0.47,71.32,115.97,715.0,70.87,121.57,716.0,68.25,123.16,759.0,-1,5,0,-4,1,6,-4,6,6
159,-6,-3,2,1,-4,-2,48321,Matagorda,0,-0.03,0.47,0.46,99.55,212.9,1451.0,99.51,220.24,1393.8,98.44,218.84,1404.6,0,3,-4,-1,-1,1,-1,3,-3
160,-10,-5,7,3,-3,-2,48323,Maverick,2,-0.04,0.7,0.67,852.62,1936.81,14561.0,826.54,1865.69,14028.0,807.69,1807.49,13385.0,-3,-4,-4,-2,-3,-5,-5,-7,-8
161,-2,1,2,0,0,0,48325,Medina,1,-0.0,0.59,0.56,146.35,308.22,2163.2,156.44,326.75,2256.0,165.12,342.17,2392.6,7,6,4,6,5,6,13,11,11
162,0,2,1,0,1,2,48327,Menard,-2,-0.03,0.38,0.41,28.0,61.83,305.0,27.0,63.0,279.0,26.0,62.5,300.0,-4,2,-9,-4,-1,8,-7,1,-2
163,-1,1,2,0,1,1,48329,Midland,-6,-0.09,1.57,1.71,589.48,1022.55,9816.67,631.26,1137.81,9598.0,636.02,1152.81,9950.0,7,11,-2,1,1,4,8,13,1
164,-3,0,-2,0,-4,0,48331,Milam,6,0.05,0.23,0.16,61.55,125.39,768.0,60.26,125.55,727.33,58.79,124.57,717.0,-2,0,-5,-2,-1,-1,-4,-1,-7
165,-8,-4,2,-2,-5,-5,48333,Mills,2,0.01,0.36,0.33,37.17,78.16,333.33,36.04,74.37,282.67,34.1,74.31,284.0,-3,-5,-15,-5,0,0,-8,-5,-15
166,-3,-1,3,0,-1,0,48335,Mitchell,2,-0.02,0.94,0.92,36.01,78.13,459.0,35.36,77.32,423.67,34.82,82.72,429.67,-2,-1,-8,-2,7,1,-3,6,-6
167,-1,1,-1,-2,-1,-1,48337,Montague,1,-0.01,0.8,0.76,40.75,78.61,490.43,42.02,82.02,488.0,42.62,83.42,490.29,3,4,0,1,2,0,5,6,0
168,-3,0,2,0,-1,0,48339,Montgomery,3,0.0,0.76,0.71,1160.61,2321.8,18656.67,1228.43,2475.46,19155.17,1263.94,2543.94,20115.67,6,7,3,3,3,5,9,10,8
169,-2,0,2,0,-1,1,48341,Moore,3,0.02,0.49,0.43,187.87,374.44,2428.0,191.89,401.04,2380.5,192.34,385.9,2450.0,2,7,-2,0,-4,3,2,3,1
170,-3,0,4,1,1,1,48343,Morris,-3,-0.08,0.92,0.98,77.13,165.66,952.5,80.94,173.82,959.0,84.3,184.59,931.0,5,5,1,4,6,-3,9,11,-2
171,-2,0,1,1,0,1,48345,Motley,-3,-0.05,0.44,0.5,16.54,39.41,162.0,16.19,40.89,167.0,17.87,41.49,157.0,-2,4,3,10,1,-6,8,5,-3
172,-4,-1,2,0,-2,-1,48347,Nacogdoches,2,-0.0,0.49,0.49,80.24,165.1,1111.6,85.0,171.67,1064.0,84.09,174.04,1066.5,6,4,-4,-1,1,0,5,5,-4
173,-1,1,2,0,1,1,48349,Navarro,0,-0.02,0.56,0.55,105.8,215.1,1443.43,106.24,219.29,1456.14,106.74,222.94,1465.29,0,2,1,0,2,1,1,4,2
174,-4,0,1,-1,-3,-1,48351,Newton,-4,-0.08,0.59,0.65,54.7,113.02,632.0,55.07,113.78,590.67,56.0,116.87,575.33,1,1,-7,2,3,-3,2,3,-9
175,-4,4,2,-1,-2,4,48353,Nolan,2,0.0,0.65,0.66,58.77,139.81,799.5,63.05,149.87,787.5,62.36,145.57,1379.0,7,7,-2,-1,-3,75,6,4,72
176,-4,0,3,1,-1,0,48355,Nueces,-1,-0.04,0.67,0.68,261.83,538.52,4089.87,260.92,536.9,3877.93,254.85,530.71,3767.87,0,0,-5,-2,-1,-3,-3,-1,-8
177,1,2,1,0,2,2,48357,Ochiltree,-7,-0.09,0.59,0.7,185.79,373.37,2238.0,170.15,366.72,2133.0,157.83,373.17,2052.0,-8,-2,-5,-7,2,-4,-15,0,-8
178,-9,-7,11,9,1,1,48359,Oldham,2,0.01,0.23,0.21,32.12,51.82,245.5,33.01,54.94,226.0,33.49,55.98,222.75,3,6,-8,1,2,-1,4,8,-9
179,-2,1,1,0,0,1,48361,Orange,-3,-0.07,0.69,0.73,210.27,440.75,3017.6,212.23,444.67,2954.2,209.75,451.74,3003.0,1,1,-2,-1,2,2,0,2,0
180,-2,0,1,0,-1,0,48363,Palo Pinto,-4,-0.06,0.75,0.78,57.7,116.04,757.0,58.63,119.18,721.83,60.69,120.94,760.83,2,3,-5,4,1,5,5,4,1
181,0,2,0,-2,1,0,48365,Panola,-3,-0.06,0.61,0.63,73.22,123.98,1004.75,75.7,130.68,997.25,76.28,136.59,1014.0,3,5,-1,1,5,2,4,10,1
182,-2,0,1,0,-1,0,48367,Parker,5,0.04,0.61,0.52,187.2,348.66,2772.75,204.46,381.55,2914.38,217.09,403.92,3113.88,9,9,5,6,6,7,16,16,12
183,-2,1,-3,-4,-4,-3,48369,Parmer,3,0.03,0.34,0.32,54.68,109.75,589.0,55.71,110.45,569.0,56.68,115.42,572.5,2,1,-3,2,5,1,4,5,-3
184,-3,-1,2,1,-1,0,48371,Pecos,-2,-0.06,1.13,1.15,78.23,160.79,1041.33,76.36,158.36,962.67,72.17,155.75,937.0,-2,-2,-8,-5,-2,-3,-8,-3,-10
185,-2,1,2,0,-1,1,48373,Polk,4,0.01,0.74,0.67,91.19,188.86,1262.4,91.86,187.18,1246.2,87.07,188.92,1304.0,1,-1,-1,-5,1,5,-5,0,3
186,-2,0,1,0,-1,0,48375,Potter,1,-0.01,0.58,0.59,806.0,1523.38,11864.67,813.87,1543.48,11369.33,817.38,1610.75,11252.0,1,1,-4,0,4,-1,1,6,-5
187,-2,-1,2,1,0,0,48377,Presidio,1,-0.04,0.65,0.64,64.24,149.49,764.0,52.48,133.38,676.0,51.66,126.92,658.5,-18,-11,-12,-2,-5,-3,-20,-15,-14
188,-4,-2,1,1,-3,-1,48379,Rains,6,0.05,0.35,0.3,129.81,292.2,1722.0,132.11,290.41,1709.0,138.26,304.31,1729.0,2,-1,-1,5,5,1,7,4,0
189,-1,1,1,0,0,1,48381,Randall,3,0.02,0.51,0.46,626.2,1168.89,10166.0,639.55,1223.03,10324.0,663.16,1305.89,10711.0,2,5,2,4,7,4,6,12,5
190,-2,2,1,-1,-1,1,48383,Reagan,-12,-0.16,1.59,1.96,79.84,149.43,875.0,85.23,166.54,837.0,83.78,162.69,812.0,7,11,-4,-2,-2,-3,5,9,-7
191,-2,0,2,1,0,1,48385,Real,9,0.07,0.66,0.51,24.44,56.54,258.5,24.18,51.34,260.5,24.63,58.11,266.0,-1,-9,1,2,13,2,1,3,3
192,-7,0,7,0,-1,-1,48387,Red River,6,0.05,0.35,0.28,46.12,101.3,534.25,47.25,106.3,494.0,50.2,112.38,524.25,2,5,-8,6,6,6,9,11,-2
193,-10,-8,2,1,-9,-8,48389,Reeves,-22,-0.25,1.59,2.28,98.1,214.18,1491.5,106.58,225.96,1426.0,107.12,252.18,1409.5,9,5,-4,0,12,-1,9,18,-5
194,-2,0,2,0,0,0,48391,Refugio,-2,-0.05,0.77,0.81,38.11,87.86,423.33,41.23,96.02,415.67,40.91,95.72,419.33,8,9,-2,-1,0,1,7,9,-1
195,-1,-2,2,1,0,-1,48393,Roberts,-3,-0.04,0.42,0.48,22.19,36.1,219.0,22.08,39.69,195.0,23.16,40.7,196.0,0,10,-11,5,3,1,4,13,-11
196,-3,0,2,0,0,0,48395,Robertson,2,0.01,0.49,0.47,53.46,125.63,667.0,56.02,113.06,646.0,57.23,120.05,668.2,5,-10,-3,2,6,3,7,-4,0
197,-3,-1,2,1,-1,0,48397,Rockwall,7,0.06,0.5,0.39,708.58,1367.6,11378.0,756.74,1459.0,11936.5,788.68,1533.15,12777.5,7,7,5,4,5,7,11,12,12
198,-3,0,2,0,-1,1,48399,Runnels,2,0.0,0.48,0.46,45.51,88.84,501.0,46.04,93.98,505.0,46.2,92.97,505.25,1,6,1,0,-1,0,2,5,1
199,-3,0,2,0,-1,0,48401,Rusk,-3,-0.05,0.64,0.67,75.71,151.15,996.38,75.59,158.02,967.0,74.76,161.1,984.62,0,5,-3,-1,2,2,-1,7,-1
200,-2,1,2,0,0,1,48403,Sabine,7,0.03,0.55,0.44,54.13,107.02,634.67,54.56,106.47,605.33,56.97,107.98,610.33,1,-1,-5,4,1,1,5,1,-4
201,-1,0,2,1,1,1,48405,San Augustine,-11,-0.14,0.54,0.71,52.43,108.7,576.0,44.58,101.1,519.0,48.12,108.01,513.5,-15,-7,-10,8,7,-1,-8,-1,-11
202,-3,0,4,1,1,1,48407,San Jacinto,2,-0.01,0.65,0.61,120.35,287.21,1804.0,124.86,290.89,1731.5,116.42,283.53,1752.0,4,1,-4,-7,-3,1,-3,-1,-3
203,-4,0,2,0,-1,0,48409,San Patricio,0,-0.03,0.61,0.6,141.13,294.75,2014.57,140.3,302.48,1968.71,144.26,316.07,1945.14,-1,3,-2,3,4,-1,2,7,-3
204,-8,-4,8,8,-2,2,48411,San Saba,-12,-0.14,0.39,0.57,34.17,61.4,333.0,35.04,62.32,321.67,33.43,61.73,326.67,3,1,-3,-5,-1,2,-2,1,-2
205,-3,-1,3,0,0,-1,48413,Schleicher,-8,-0.1,0.78,0.9,55.12,100.87,515.0,53.81,99.06,521.0,53.0,100.5,499.0,-2,-2,1,-2,1,-4,-4,0,-3
206,-2,2,1,-1,0,1,48415,Scurry,-8,-0.11,0.92,1.09,78.97,147.29,1056.67,82.21,157.81,1049.33,83.31,166.07,1030.67,4,7,-1,1,5,-2,5,13,-2
207,-3,-1,3,1,0,0,48417,Shackelford,-2,-0.04,0.8,0.82,31.15,54.71,303.0,28.24,51.02,310.5,28.16,53.49,312.0,-9,-7,2,0,5,0,-10,-2,3
208,-6,-2,5,3,-2,0,48419,Shelby,4,0.03,0.44,0.38,71.95,135.56,898.67,71.78,139.51,856.33,69.91,138.36,861.33,0,3,-5,-3,-1,1,-3,2,-4
209,-3,-1,4,1,1,0,48421,Sherman,4,0.03,0.31,0.25,34.74,64.5,374.5,34.14,62.52,372.5,32.4,58.9,377.5,-2,-3,-1,-5,-6,1,-7,-9,1
210,-4,0,4,0,-1,1,48423,Smith,3,0.01,0.58,0.55,278.04,561.93,4040.89,289.01,580.53,3982.56,291.93,597.98,4061.44,4,3,-1,1,3,2,5,6,1
211,-8,-6,1,-1,-8,-7,48425,Somervell,2,0.0,0.47,0.44,76.28,147.92,1047.5,81.9,156.02,1064.0,81.79,162.81,1085.5,7,5,2,0,4,2,7,10,4
212,-7,-2,5,2,-3,0,48427,Starr,2,-0.05,0.68,0.64,422.64,1005.72,5548.33,398.91,980.2,5418.0,392.21,1013.05,4951.33,-6,-3,-2,-2,3,-9,-7,1,-11
213,0,0,2,1,2,1,48429,Stephens,4,0.02,0.69,0.63,110.24,227.22,1481.0,99.87,229.69,1402.0,105.73,237.77,1417.0,-9,1,-5,6,4,1,-4,5,-4
214,-1,0,1,0,0,1,48431,Sterling,3,0.01,0.67,0.59,27.04,54.31,327.0,28.99,59.79,338.0,27.99,58.95,337.0,7,10,3,-3,-1,0,4,9,3
215,-2,2,4,1,2,3,48433,Stonewall,2,0.01,0.41,0.41,19.44,39.86,224.0,20.22,39.99,213.0,23.15,43.31,185.0,4,0,-5,14,8,-13,19,9,-17
216,-2,0,0,0,-2,0,48435,Sutton,-18,-0.22,0.83,1.24,70.78,142.79,808.0,68.44,124.31,699.0,66.37,117.2,691.0,-3,-13,-13,-3,-6,-1,-6,-18,-14
217,-3,0,1,-1,-2,-1,48437,Swisher,0,-0.01,0.35,0.32,48.76,94.8,536.33,46.83,94.41,498.67,47.03,98.96,492.33,-4,0,-7,0,5,-1,-4,4,-8
218,-3,1,2,0,-1,1,48439,Tarrant,3,0.01,0.64,0.61,915.26,1732.21,13818.5,932.54,1772.62,13325.73,910.01,1748.33,13337.42,2,2,-4,-2,-1,0,-1,1,-3
219,-3,0,0,-7,-2,-7,48441,Taylor,2,0.0,0.54,0.48,317.24,683.67,4762.0,331.5,718.68,4646.4,327.57,718.86,4667.4,4,5,-2,-1,0,0,3,5,-2
220,0,4,-1,-1,-1,3,48443,Terrell,10,0.1,0.15,0.03,13.02,26.79,121.0,14.0,27.87,121.0,14.63,29.01,133.0,8,4,0,5,4,10,12,8,10
221,-2,1,1,0,-1,1,48445,Terry,-3,-0.06,0.62,0.69,59.74,123.72,784.67,60.94,129.79,723.67,62.96,133.29,731.67,2,5,-8,3,3,1,5,8,-7
222,-11,-8,3,1,-9,-8,48447,Throckmorton,56,0.59,0.17,-0.24,16.0,28.6,145.5,15.86,28.86,150.5,17.48,29.85,158.5,-1,1,3,10,3,5,9,4,9
223,-1,0,1,0,0,0,48449,Titus,6,0.05,0.37,0.32,223.1,469.95,3013.5,231.58,469.84,3003.0,232.26,479.87,2972.0,4,0,0,0,2,-1,4,2,-1
224,-2,1,1,0,-1,1,48451,Tom Green,0,-0.02,0.61,0.63,233.77,467.47,3509.83,238.66,460.68,3357.33,243.29,466.8,3439.67,2,-1,-4,2,1,2,4,0,-2
225,-4,-1,4,1,-1,0,48453,Travis,6,0.04,0.63,0.54,528.52,1021.66,7618.0,537.47,1044.51,7427.52,524.87,1027.43,7465.0,2,2,-3,-2,-2,1,-1,1,-2
226,-2,1,-2,-3,-4,-3,48455,Trinity,2,-0.0,0.58,0.52,58.3,115.55,709.67,60.43,121.97,709.67,58.18,118.61,702.0,4,6,0,-4,-3,-1,0,3,-1
227,-1,2,1,0,1,1,48457,Tyler,5,0.02,0.56,0.49,58.01,120.29,722.6,62.74,130.81,701.6,60.82,127.65,712.6,8,9,-3,-3,-2,2,5,6,-1
228,-2,0,2,1,0,1,48459,Upshur,-1,-0.04,0.67,0.7,83.41,170.75,1067.29,89.36,177.65,1044.14,91.45,180.27,1062.71,7,4,-2,2,1,2,10,6,0
229,-2,1,2,0,0,0,48461,Upton,8,0.05,0.88,0.73,39.64,80.76,435.0,42.07,89.36,391.5,41.36,86.5,417.5,6,11,-10,-2,-3,7,4,7,-4
230,-4,0,3,0,-2,0,48463,Uvalde,-1,-0.03,0.45,0.45,93.47,225.98,1356.0,92.33,229.73,1309.5,96.26,230.98,1285.0,-1,2,-3,4,1,-2,3,2,-5
231,-5,0,4,0,-1,0,48465,Val Verde,-2,-0.05,0.74,0.79,324.58,738.76,5318.0,316.29,740.38,5052.5,308.4,753.82,5055.0,-3,0,-5,-2,2,0,-5,2,-5
232,-3,0,2,0,-1,0,48467,Van Zandt,4,0.02,0.5,0.42,89.97,178.29,1283.0,91.5,181.73,1247.62,94.44,189.89,1313.75,2,2,-3,3,4,5,5,7,2
233,-2,2,4,0,2,2,48469,Victoria,-3,-0.06,0.79,0.83,351.36,770.58,5046.67,337.75,741.95,4835.67,313.39,704.23,4754.67,-4,-4,-4,-7,-5,-2,-11,-9,-6
234,-3,0,2,0,-1,1,48471,Walker,1,-0.02,0.6,0.62,241.68,505.98,4979.0,244.49,532.19,5948.0,247.44,527.6,8144.0,1,5,19,1,-1,37,2,4,64
235,-4,-1,2,1,-2,0,48473,Waller,4,0.01,0.76,0.68,253.79,529.82,3786.33,279.87,578.41,3916.33,269.05,567.27,4182.33,10,9,3,-4,-2,7,6,7,10
236,0,1,0,-1,0,1,48475,Ward,-19,-0.23,1.43,2.0,75.26,172.86,1296.0,83.11,191.94,1134.5,84.76,193.32,1155.0,10,11,-12,2,1,2,13,12,-11
237,0,1,1,0,1,1,48477,Washington,1,-0.01,0.56,0.53,202.6,384.0,2749.5,211.44,394.74,2712.5,212.22,381.68,2702.0,4,3,-1,0,-3,0,5,-1,-2
238,-7,-2,5,2,-2,0,48479,Webb,-1,-0.03,0.69,0.7,1352.4,3383.53,22425.67,1369.92,3364.08,21404.0,1342.61,3333.16,19779.0,1,-1,-5,-2,-1,-8,-1,-1,-12
239,-1,0,1,-1,-1,0,48481,Wharton,-1,-0.04,0.66,0.68,115.65,235.1,1663.8,116.84,241.6,1593.8,113.2,240.06,1603.2,1,3,-4,-3,-1,1,-2,2,-4
240,4,0,2,0,5,-1,48483,Wheeler,-8,-0.11,0.93,1.07,28.7,54.97,265.25,28.0,54.13,271.75,29.14,58.62,271.5,-2,-2,2,4,8,0,2,7,2
241,-2,0,1,0,-1,-1,48485,Wichita,0,-0.02,0.66,0.66,301.74,560.71,4144.0,312.26,591.48,4032.2,310.24,588.7,4039.0,3,5,-3,-1,0,0,3,5,-3
242,-2,0,1,0,0,0,48487,Wilbarger,0,-0.03,0.85,0.83,77.78,153.45,1045.5,79.35,169.04,1003.0,75.47,168.66,988.0,2,10,-4,-5,0,-1,-3,10,-5
243,-5,-1,0,1,-5,0,48489,Willacy,8,0.05,0.37,0.27,78.83,187.54,1041.25,76.56,183.2,1018.5,78.67,185.73,984.75,-3,-2,-2,3,1,-3,0,-1,-5
244,-3,1,2,0,-1,1,48491,Williamson,8,0.07,0.53,0.43,606.13,1144.68,8957.14,655.58,1223.55,9007.64,662.72,1232.29,9280.29,8,7,1,1,1,3,9,8,4
245,-3,0,1,0,-1,0,48493,Wilson,2,-0.0,0.57,0.57,151.96,311.26,2282.5,152.46,308.82,2210.25,152.93,308.54,2277.0,0,-1,-3,0,0,3,1,-1,0
246,2,1,2,0,3,1,48495,Winkler,-7,-0.12,1.5,1.66,61.18,132.86,969.5,70.06,148.9,839.0,68.62,146.3,839.0,15,12,-13,-2,-2,0,12,10,-13
247,-3,0,1,0,-2,0,48497,Wise,3,0.02,0.55,0.53,100.95,190.45,1381.86,103.63,198.55,1372.0,105.73,203.36,1415.71,3,4,-1,2,2,3,5,7,2
248,-2,0,1,0,-1,0,48499,Wood,3,0.01,0.48,0.44,82.95,162.94,1042.17,87.46,170.28,1012.83,90.0,177.33,1054.0,5,5,-3,3,4,4,9,9,1
249,-2,0,3,1,0,1,48501,Yoakum,-11,-0.16,1.4,1.69,79.56,159.07,1091.0,81.32,167.53,1034.5,83.14,175.32,1006.5,2,5,-5,2,5,-3,5,10,-8
250,-1,1,1,-1,0,0,48503,Young,2,0.0,0.55,0.5,86.54,169.87,1086.33,88.0,171.08,1065.33,88.82,174.04,1069.0,2,1,-2,1,2,0,3,2,-2
251,-6,-2,4,1,-2,-1,48505,Zapata,-11,-0.17,1.14,1.42,226.78,490.74,3522.0,227.95,519.55,3486.0,228.87,522.21,3287.0,1,6,-1,0,1,-6,1,6,-7
252,-6,-2,5,2,-1,0,48507,Zavala,-1,-0.06,0.48,0.49,81.52,208.58,1219.5,79.53,198.08,1182.5,80.34,200.74,1135.0,-2,-5,-3,1,1,-4,-1,-4,-7
